ticker,date,open,high,low,close,volume,CDL2CROWS,CDL3BLACKCROWS,CDL3INSIDE,CDL3LINESTRIKE,CDL3OUTSIDE,CDL3STARSINSOUTH,CDL3WHITESOLDIERS,CDLABANDONEDBABY,CDLADVANCEBLOCK,CDLBELTHOLD,CDLBREAKAWAY,CDLCLOSINGMARUBOZU,CDLCONCEALBABYSWALL,CDLCOUNTERATTACK,CDLDARKCLOUDCOVER,CDLDOJI,CDLDOJISTAR,CDLDRAGONFLYDOJI,CDLENGULFING,CDLEVENINGDOJISTAR,CDLEVENINGSTAR,CDLGAPSIDESIDEWHITE,CDLGRAVESTONEDOJI,CDLHAMMER,CDLHANGINGMAN,CDLHARAMI,CDLHARAMICROSS,CDLHIGHWAVE,CDLHIKKAKE,CDLHIKKAKEMOD,CDLHOMINGPIGEON,CDLIDENTICAL3CROWS,CDLINNECK,CDLINVERTEDHAMMER,CDLKICKING,CDLKICKINGBYLENGTH,CDLLADDERBOTTOM,CDLLONGLEGGEDDOJI,CDLLONGLINE,CDLMARUBOZU,CDLMATCHINGLOW,CDLMATHOLD,CDLMORNINGDOJISTAR,CDLMORNINGSTAR,CDLONNECK,CDLPIERCING,CDLRICKSHAWMAN,CDLRISEFALL3METHODS,CDLSEPARATINGLINES,CDLSHOOTINGSTAR,CDLSHORTLINE,CDLSPINNINGTOP,CDLSTALLEDPATTERN,CDLSTICKSANDWICH,CDLTAKURI,CDLTASUKIGAP,CDLTHRUSTING,CDLTRISTAR,CDLUNIQUE3RIVER,CDLUPSIDEGAP2CROWS,CDLXSIDEGAP3METHODS,SMA5,SMA10,SMA21,SMA50,SMA200,VOL20,RSI,ATR
AAPL,2025-03-24,221.0,221.02,218.58,220.73,42.36,0,0,0,0,0,0,0,0,0,0,0,0,0,0,0,100,-100,100,0,0,0,0,0,0,-100,0,0,0,0,0,0,0,0,0,0,0,0,100,0,0,0,0,0,0,0,0,0,0,0,0,0,0,0,0,100,0,0,0,0,0,0,216.21,215.6,227.68,231.38,228.08,54.62,43.32,6.2
ABNB,2025-03-24,130.24,130.72,128.69,129.82,3.7,0,0,0,0,0,0,0,0,0,0,0,0,0,0,0,100,-100,0,0,0,0,0,0,0,0,0,0,0,0,0,0,0,0,0,0,0,0,100,0,0,0,0,0,0,0,0,100,0,0,0,0,-100,0,0,0,0,0,0,0,0,0,127.07,125.65,132.93,134.98,134.28,5.48,46.36,4.9
ADBE,2025-03-24,392.47,396.82,391.38,394.47,5.21,0,0,0,0,0,0,0,0,0,0,0,0,0,0,0,0,0,0,0,0,0,0,0,0,0,0,0,0,0,0,0,0,0,0,0,0,0,0,0,0,0,0,0,0,0,0,0,0,0,-100,100,0,0,0,0,0,0,0,0,0,0,390.12,399.48,422.24,432.37,495.39,4.37,37.03,13.26
ADI,2025-03-24,210.0,214.07,209.74,212.34,3.46,0,0,0,0,0,0,0,0,0,0,0,0,0,0,0,0,0,0,0,0,0,0,0,0,0,0,0,0,0,0,0,0,0,0,0,0,0,0,0,0,0,0,0,0,0,0,0,0,0,0,0,0,0,0,0,0,0,0,0,0,0,208.35,208.17,218.32,216.33,220.49,3.8,47.53,6.78
ADP,2025-03-24,297.53,300.23,296.73,298.89,1.49,0,0,0,0,0,0,0,0,0,0,0,0,0,0,0,0,0,0,0,0,0,0,0,0,0,0,0,0,0,0,0,0,0,0,0,0,0,0,0,0,0,0,0,0,0,0,0,0,0,0,0,0,0,0,0,0,0,0,0,0,0,297.29,294.73,302.24,301.33,279.15,2.17,48.1,5.45
ADSK,2025-03-24,271.96,272.11,269.04,269.19,1.59,0,0,0,0,0,0,0,0,0,0,0,0,0,0,0,0,0,0,0,0,0,0,0,0,0,0,0,0,0,0,0,0,0,0,0,0,0,0,0,0,0,0,0,0,0,0,0,0,0,0,-100,0,0,0,0,0,0,0,0,0,0,266.5,259.72,265.89,285.19,273.4,2.23,47.83,7.7
AEP,2025-03-24,105.25,105.68,104.03,104.18,2.36,0,0,0,0,0,0,0,0,0,0,0,-100,0,0,0,0,0,0,0,0,0,0,0,0,0,0,0,0,0,0,0,0,0,0,0,0,0,0,-100,0,0,0,0,0,0,0,0,0,0,0,0,0,0,0,0,0,0,0,0,0,0,105.47,105.04,105.39,101.5,95.98,3.76,50.46,2.02
AMAT,2025-03-24,155.5,156.23,154.6,154.95,5.36,0,0,0,0,0,0,0,0,0,0,0,0,0,0,0,0,0,0,0,0,0,0,0,0,0,0,0,0,0,0,0,0,0,0,0,0,0,0,0,0,0,0,0,0,0,0,0,0,0,-100,-100,0,0,0,0,0,0,0,0,0,0,153.88,152.65,155.3,169.4,189.41,7.2,44.45,5.56
AMD,2025-03-24,109.73,114.85,109.4,113.85,53.13,0,0,0,0,0,0,0,0,0,100,0,0,0,0,0,0,0,0,0,0,0,0,0,0,0,0,0,0,0,0,0,0,0,0,0,0,0,0,100,0,0,0,0,0,0,0,0,0,0,0,0,0,0,0,0,0,0,0,0,0,0,107.43,103.84,102.43,110.19,139.01,35.91,62.08,4.35
AMGN,2025-03-24,315.0,317.58,313.43,314.38,2.44,0,0,0,0,0,0,0,0,0,0,0,0,0,0,0,100,0,0,0,0,0,0,0,0,0,-100,-100,0,0,0,0,0,0,0,0,0,0,100,0,0,0,0,0,0,0,0,100,0,0,0,0,-100,0,0,0,0,0,0,0,0,0,315.97,315.48,314.76,296.42,302.52,3.3,56.37,6.57
AMZN,2025-03-24,200.0,203.58,199.95,203.26,38.56,0,0,0,0,0,0,0,0,0,100,0,100,0,0,0,0,0,0,0,0,0,0,0,0,0,0,0,0,-100,0,0,0,0,0,0,0,0,0,100,100,0,0,0,0,0,0,0,0,0,0,0,0,0,0,0,0,0,0,0,0,0,196.56,196.58,201.83,218.25,199.89,47.33,47.1,6.46
ANSS,2025-03-24,327.02,328.23,325.09,325.73,0.38,0,0,0,0,0,0,0,0,0,0,0,0,0,0,0,0,0,0,0,0,0,0,0,0,0,0,0,0,0,0,0,0,0,0,0,0,0,0,0,0,0,0,0,0,0,0,0,0,0,0,-100,0,0,0,0,0,0,0,0,0,0,324.28,322.45,325.25,336.6,329.19,0.56,46.27,6.08
APP,2025-03-24,328.09,342.38,323.91,339.72,8.99,0,0,0,0,0,0,0,0,0,0,0,0,0,0,0,0,0,0,0,0,0,0,0,0,0,0,0,0,-100,0,0,0,0,0,0,0,0,0,100,0,0,0,0,0,0,0,0,0,0,0,0,0,0,0,0,0,0,0,0,0,0,307.27,293.85,307.33,349.94,212.95,11.71,53.67,30.36
ARM,2025-03-24,122.06,126.27,122.0,124.85,4.26,0,0,0,0,0,0,0,0,0,100,0,0,0,0,0,0,0,0,0,0,0,0,0,0,0,0,0,0,0,0,0,0,0,0,0,0,0,0,0,0,0,0,0,0,0,0,0,0,0,0,0,0,0,0,0,0,0,0,0,0,0,120.12,117.62,122.98,141.89,142.73,4.94,46.9,7.07
ASML,2025-03-24,728.03,731.95,726.34,727.84,1.1,0,0,0,0,0,0,0,0,0,0,0,0,0,0,0,100,0,0,0,0,0,0,100,0,0,0,0,-100,0,0,0,0,0,0,0,0,0,100,0,0,0,0,0,0,0,0,100,0,0,-100,-100,-100,0,0,0,0,0,0,0,0,0,728.83,717.66,717.83,730.08,803.65,1.6,51.4,22.21
AVGO,2025-03-24,194.29,196.68,190.67,191.25,31.97,0,0,0,0,0,0,0,0,0,0,0,0,0,0,0,0,0,0,0,0,0,0,0,0,0,0,0,0,0,0,0,0,0,0,0,0,0,0,0,0,0,0,0,0,0,0,0,0,0,0,0,0,0,0,0,0,0,0,0,0,0,191.31,191.93,193.27,212.67,182.03,36.01,44.12,9.52
AXON,2025-03-24,571.99,574.16,561.0,572.52,0.69,0,0,0,0,0,0,0,0,0,0,0,0,0,0,0,100,0,100,0,0,0,0,0,0,-100,0,0,100,0,0,0,0,0,0,0,0,0,100,0,0,0,0,0,0,0,0,0,0,0,0,0,100,0,0,100,0,0,0,0,0,0,559.81,552.92,537.24,589.24,470.93,1.03,52.38,28.14
AZN,2025-03-24,73.84,74.42,73.79,74.09,3.74,0,0,0,0,0,0,0,0,0,0,0,0,0,0,0,0,0,0,0,0,0,0,0,0,0,0,0,0,0,0,0,0,0,100,0,0,0,0,0,0,0,0,0,0,0,0,0,0,0,0,0,0,0,0,0,0,0,0,0,0,0,75.79,76.02,76.19,72.29,73.8,6.21,45.72,1.2
BIIB,2025-03-24,141.47,144.15,140.66,141.6,1.83,0,0,0,0,0,0,0,0,0,0,0,0,0,0,0,100,0,0,0,0,0,0,0,0,0,0,0,100,0,0,0,0,0,0,0,0,0,100,0,0,0,0,0,0,0,0,0,0,0,0,0,100,0,0,0,0,0,0,0,0,0,141.68,141.52,142.73,142.42,179.7,1.8,48.01,4.13
BKNG,2025-03-24,4674.18,4727.96,4657.45,4709.72,0.22,0,0,0,0,0,0,0,0,0,0,0,0,0,0,0,0,0,0,0,0,0,0,0,0,0,0,0,0,0,0,0,0,0,0,0,0,0,0,0,0,0,0,0,0,0,0,0,0,0,0,100,0,0,0,0,0,0,0,0,0,0,4595.88,4505.76,4695.27,4771.64,4398.24,0.31,51.06,146.07
BKR,2025-03-24,44.8,45.18,44.43,44.6,7.57,0,0,0,0,0,0,0,0,0,0,0,0,0,0,0,0,0,0,0,0,0,0,0,0,0,0,0,0,0,0,0,0,0,0,0,0,0,0,0,0,0,0,0,0,0,0,0,0,0,0,0,0,0,0,0,0,0,0,0,0,0,44.34,43.45,43.31,44.77,38.92,8.01,53.98,1.28
CCEP,2025-03-24,85.18,85.81,83.4,83.79,3.33,0,0,0,0,0,0,0,0,0,0,0,0,0,0,0,0,0,0,0,0,0,0,0,0,0,0,0,0,-200,0,0,0,0,0,0,0,0,0,0,0,0,0,0,0,0,0,0,0,0,0,0,0,0,0,0,0,0,0,0,0,0,85.11,84.23,84.79,81.71,77.15,3.5,49.87,1.76
CDNS,2025-03-24,266.0,268.24,264.0,267.15,2.46,0,0,0,0,0,0,0,0,0,0,0,0,0,0,0,0,0,0,0,0,0,0,0,0,0,0,0,0,0,0,0,0,0,0,0,0,0,0,0,0,0,0,0,0,0,0,0,0,0,0,100,0,0,0,0,0,0,0,0,0,0,260.13,251.82,248.63,277.3,284.62,2.57,56.36,9.26
CDW,2025-03-24,169.17,170.7,167.6,170.31,1.01,0,0,0,0,0,0,0,0,0,0,0,0,0,0,0,0,0,0,0,0,0,0,0,0,-100,0,0,0,0,0,0,0,0,0,0,0,0,0,0,0,0,0,0,0,0,0,0,0,0,0,0,0,0,0,0,0,0,0,0,0,0,169.51,168.14,171.86,183.52,201.58,1.39,43.95,4.66
CEG,2025-03-24,228.24,231.15,226.6,228.62,2.69,0,0,0,0,0,0,0,0,0,0,0,0,0,0,0,100,-100,0,0,0,0,0,0,0,0,0,0,100,0,0,0,0,0,0,0,0,0,100,0,0,0,0,0,0,0,0,100,0,0,0,100,100,0,0,0,0,0,0,0,0,0,219.89,216.82,227.73,274.85,235.9,4.7,44.32,13.74
CHTR,2025-03-24,365.59,371.98,364.33,367.5,1.48,0,0,0,0,0,0,0,0,-100,0,0,0,0,0,0,0,0,0,0,0,0,0,0,0,0,0,0,0,0,0,0,0,0,0,0,0,0,0,0,0,0,0,0,0,0,0,0,0,0,0,0,0,0,0,0,0,0,0,0,0,0,360.27,355.8,362.48,356.56,345.29,1.34,55.81,11.16
CMCSA,2025-03-24,36.79,36.88,36.48,36.6,23.96,0,0,0,0,0,0,0,0,0,0,0,0,0,0,0,0,0,0,0,0,0,0,0,0,0,0,0,0,0,0,0,0,0,0,0,0,0,0,0,0,0,0,0,0,0,0,0,0,0,0,-100,0,0,0,0,0,0,0,0,0,0,36.39,35.9,35.93,35.85,38.67,28.7,55.28,0.81
COST,2025-03-24,920.0,928.61,920.0,926.04,2.02,0,0,0,0,100,0,0,0,0,0,0,0,0,0,0,0,0,0,0,0,0,0,0,0,0,0,0,0,0,0,0,0,0,0,0,0,0,0,0,0,0,0,0,0,0,0,0,0,0,0,100,0,0,0,0,0,0,0,0,0,0,906.56,910.15,969.14,984.12,914.52,2.69,41.27,24.0
CPRT,2025-03-24,54.6,55.26,54.34,55.06,4.1,0,0,0,0,0,0,0,0,0,0,0,0,0,0,0,0,0,0,0,0,0,0,0,0,0,0,0,0,200,0,0,0,0,0,0,0,0,0,0,0,0,0,0,0,0,0,0,0,0,0,100,0,0,0,0,0,0,0,0,0,0,53.87,53.4,54.16,56.32,54.93,5.25,51.6,1.17
CRWD,2025-03-24,370.0,373.63,361.66,372.64,4.14,0,0,0,0,0,0,0,0,0,0,0,0,0,0,0,0,0,0,0,0,0,0,0,0,-100,0,0,0,0,0,0,0,0,0,0,0,0,0,0,0,0,0,0,0,0,0,0,0,0,0,0,0,0,0,0,0,0,0,0,0,0,368.42,356.97,363.53,384.79,334.49,5.62,50.37,19.81
CSCO,2025-03-24,61.03,61.38,60.88,60.97,28.09,0,0,0,0,0,0,0,0,0,0,0,0,0,0,0,100,0,0,0,0,0,0,100,0,0,0,0,0,0,0,0,0,0,0,0,0,0,100,0,0,0,0,0,0,0,0,100,0,0,-100,0,-100,0,0,0,0,0,0,0,0,0,60.66,60.55,62.15,61.85,54.27,22.77,45.51,1.26
CSGP,2025-03-24,79.39,80.68,79.04,80.14,2.16,0,0,0,0,0,0,0,0,0,0,0,0,0,0,0,0,0,0,0,0,0,0,0,0,0,0,0,0,200,0,0,0,0,0,0,0,0,0,0,0,0,0,0,0,0,0,0,0,0,0,100,0,0,0,0,0,0,0,0,0,0,79.08,78.34,77.67,76.19,75.63,4.11,57.62,2.27
CSX,2025-03-24,29.83,29.94,29.58,29.85,13.23,0,0,0,0,0,0,0,0,0,0,0,0,0,0,0,100,0,0,0,0,0,0,0,0,0,0,0,100,0,0,0,0,0,0,0,0,0,100,0,0,0,0,0,0,0,0,100,0,0,0,0,100,0,0,0,0,0,0,0,0,0,29.95,29.83,30.69,31.85,33.19,15.84,38.1,0.61
CTAS,2025-03-24,191.92,194.82,191.27,194.57,2.05,0,0,0,0,0,0,0,0,0,0,0,100,0,0,0,0,0,0,0,0,0,0,0,0,0,0,0,0,0,0,0,0,0,0,0,0,0,0,100,0,0,0,0,0,0,0,0,0,0,0,0,0,0,0,0,0,0,0,0,0,-100,194.0,193.73,199.2,199.91,197.96,1.78,44.38,4.17
CTSH,2025-03-24,77.29,78.02,76.87,77.94,4.6,0,0,0,0,0,0,0,0,0,0,0,0,0,0,0,0,0,0,0,0,0,0,0,0,0,0,0,0,0,0,0,0,0,0,0,0,0,0,0,0,0,0,0,0,0,0,0,0,0,0,100,0,0,0,0,0,0,0,0,0,0,78.16,79.03,81.59,82.21,76.59,4.61,36.8,1.85
DASH,2025-03-24,192.81,199.56,188.58,198.98,6.74,0,0,0,0,0,0,0,0,0,0,0,100,0,0,0,0,0,0,0,0,0,0,0,0,0,0,0,0,0,0,0,0,0,0,0,0,0,0,0,0,0,0,0,0,0,0,0,0,0,0,0,0,0,0,0,0,0,0,0,0,0,191.68,188.15,189.72,189.34,152.57,9.95,57.51,8.76
DDOG,2025-03-24,107.2,110.79,106.91,110.17,4.36,0,0,0,0,100,0,0,0,0,100,0,0,0,0,0,0,0,0,0,0,0,0,0,0,0,0,0,0,0,0,0,0,0,0,0,0,0,0,100,0,0,0,0,0,0,0,0,0,0,0,0,0,0,0,0,0,0,0,0,0,0,105.15,103.42,108.41,126.59,126.58,5.32,45.09,4.5
DXCM,2025-03-24,75.04,75.81,74.6,75.32,2.69,0,0,0,0,0,0,0,0,0,0,0,0,0,0,0,0,0,0,0,0,0,0,0,0,0,0,0,0,-100,0,0,0,0,0,0,0,0,0,0,0,0,0,0,0,0,0,0,0,0,0,100,100,0,0,0,0,0,0,0,0,0,73.66,71.99,78.26,82.92,82.48,4.31,43.8,2.81
EA,2025-03-24,145.78,145.87,143.57,144.55,2.54,0,0,0,0,0,0,0,0,0,0,0,0,0,0,0,0,0,0,0,0,0,0,0,0,0,0,0,0,0,0,0,0,0,0,0,0,0,0,0,0,0,0,0,0,0,0,0,0,0,0,0,0,0,0,0,0,0,0,0,0,0,143.19,140.93,137.04,132.92,143.93,4.22,67.09,3.01
EXC,2025-03-24,43.98,44.38,43.55,43.58,5.64,0,0,0,0,0,0,0,0,0,0,0,-100,0,0,0,0,0,0,0,0,0,0,0,0,0,0,0,0,0,0,0,0,0,0,0,0,0,0,0,0,0,0,0,0,0,0,0,0,0,0,0,0,0,0,0,0,0,0,0,0,0,44.17,43.89,43.79,41.72,38.28,8.15,53.83,0.8
FANG,2025-03-24,158.85,161.44,158.59,161.01,2.03,0,0,0,0,0,0,0,0,0,100,0,0,0,0,0,0,0,0,0,0,0,0,0,0,0,0,0,0,-100,0,0,0,0,0,0,0,0,0,100,0,0,0,0,0,0,0,0,0,0,0,0,0,0,0,0,0,0,0,0,0,0,158.12,153.08,150.13,159.6,176.48,3.28,62.09,4.57
FAST,2025-03-24,75.63,77.03,75.42,76.94,2.86,0,0,0,0,0,0,0,0,0,0,0,100,0,0,0,0,0,0,0,0,0,0,0,0,0,0,0,0,0,0,0,0,0,0,0,0,0,0,100,0,0,0,0,0,0,0,0,0,0,0,0,0,0,0,0,0,0,0,0,0,0,75.95,75.81,75.81,74.92,72.06,3.82,54.78,1.7
FTNT,2025-03-24,100.0,100.29,98.81,99.79,3.79,0,0,0,0,0,0,0,0,0,0,0,0,0,0,0,100,0,100,0,0,0,0,0,0,-100,0,0,0,0,0,0,0,0,0,0,0,0,100,0,0,0,0,0,0,0,0,100,0,0,0,0,-100,0,0,100,0,0,0,0,0,0,98.39,97.45,101.63,102.11,83.32,4.68,46.55,3.2
GEHC,2025-03-24,82.15,82.79,81.48,81.7,4.45,0,0,0,0,0,0,0,0,0,0,0,0,0,0,0,0,0,0,0,0,0,0,0,0,0,0,0,0,0,0,0,0,0,0,0,0,0,0,0,0,0,0,0,0,0,0,0,0,0,0,0,0,0,0,0,0,0,0,0,0,0,81.91,82.48,85.07,86.81,84.36,3.53,35.67,2.02
GFS,2025-03-24,39.65,40.2,38.86,39.72,3.06,0,0,0,0,0,0,0,0,0,0,0,0,0,0,0,100,-100,0,0,0,0,0,0,0,0,0,0,100,0,0,0,0,0,0,0,0,0,100,0,0,0,0,0,0,0,0,100,0,0,0,0,100,0,0,0,0,0,0,0,0,0,38.75,38.09,38.65,40.42,43.67,2.32,51.9,1.76
GILD,2025-03-24,107.01,107.38,106.1,106.74,8.56,0,0,0,0,0,0,0,0,0,0,0,0,0,0,0,100,0,0,0,0,0,0,0,0,0,-100,-100,0,0,0,0,0,0,0,0,0,0,100,0,0,0,0,0,0,0,0,100,0,0,0,-100,-100,0,0,0,0,0,0,0,0,0,107.49,110.05,111.81,103.08,85.79,10.86,44.97,2.65
GOOG,2025-03-24,169.26,170.33,167.44,169.93,18.67,0,0,0,0,0,0,0,0,0,0,0,0,0,0,0,0,0,0,0,0,0,0,0,0,-100,0,0,0,200,0,0,0,0,0,0,0,0,0,0,0,0,0,0,0,0,0,0,0,0,0,0,0,0,0,0,0,0,0,0,0,0,166.04,166.41,170.09,183.78,176.38,22.6,45.33,4.89
GOOGL,2025-03-24,167.07,167.93,165.14,167.68,30.52,0,0,0,0,0,0,0,0,0,0,0,0,0,0,0,0,0,0,0,0,0,0,0,0,-100,0,0,0,0,0,0,0,0,0,0,0,0,0,0,0,0,0,0,0,0,0,0,0,0,0,0,0,0,0,0,0,0,0,0,0,0,163.81,164.27,168.09,181.97,174.8,35.82,44.88,4.87
HON,2025-03-24,211.64,212.68,210.5,211.85,4.22,0,0,0,0,0,0,0,0,0,0,0,0,0,0,0,100,0,0,0,0,0,0,0,0,0,0,0,100,-100,0,0,0,0,0,0,0,0,100,0,0,0,0,0,0,0,0,100,0,0,0,0,100,0,0,0,0,0,0,0,0,0,210.25,209.28,210.28,213.36,211.84,4.58,51.87,3.94
IDXX,2025-03-24,424.51,430.15,421.15,423.6,0.62,0,0,0,0,0,0,0,0,0,0,0,0,0,0,0,100,0,0,0,0,0,0,0,0,0,0,0,-100,0,0,0,0,0,0,0,0,0,100,0,0,0,0,0,0,0,0,100,0,0,0,0,-100,0,0,0,0,0,0,0,0,0,421.38,418.99,431.48,436.92,458.02,0.73,44.84,11.96
INTC,2025-03-24,24.72,24.99,24.13,24.22,68.49,0,0,0,0,0,0,0,0,0,0,0,-100,0,-100,0,0,0,0,0,0,0,0,0,0,0,0,0,0,0,0,0,0,0,0,0,0,0,0,-100,0,0,0,0,0,0,0,0,0,0,0,0,0,0,0,0,0,0,0,0,0,0,24.5,23.64,22.87,21.91,23.75,113.46,56.34,1.39
INTU,2025-03-24,610.0,614.28,605.28,613.09,1.7,0,0,0,0,0,0,0,0,0,0,0,0,0,0,0,0,0,0,0,0,0,0,0,0,-100,0,0,0,0,0,0,0,0,0,0,0,0,0,0,0,0,0,0,0,0,0,0,0,0,0,0,0,0,0,0,0,0,0,0,0,0,603.94,597.98,597.85,596.98,623.72,2.06,56.08,17.29
ISRG,2025-03-24,504.74,510.78,501.84,508.58,1.9,0,0,0,0,0,0,0,0,0,0,0,0,0,0,0,0,0,0,0,0,0,0,0,0,0,0,0,0,0,0,0,0,0,0,0,0,0,0,0,0,0,0,0,0,0,0,0,0,0,0,100,0,0,0,0,0,0,0,0,0,0,493.78,490.99,525.0,559.59,505.44,2.66,42.87,18.43
KDP,2025-03-24,33.55,33.96,33.36,33.85,14.57,0,0,0,0,0,0,0,0,0,0,0,0,0,0,0,0,0,0,0,0,0,0,0,0,0,0,0,0,0,0,0,0,0,0,0,0,0,0,0,0,0,0,0,0,0,0,0,0,0,0,100,0,0,0,0,0,0,0,0,0,0,33.58,33.45,33.56,32.46,33.6,17.96,57.37,0.74
KHC,2025-03-24,29.24,29.47,28.94,29.12,13.29,0,0,0,0,0,0,0,0,0,0,0,0,0,0,0,0,0,0,0,0,0,0,0,0,0,0,0,0,0,0,0,0,0,0,0,0,0,0,0,0,0,0,0,0,0,0,0,0,0,0,0,-100,0,0,0,0,0,0,0,0,0,29.73,30.11,30.55,29.62,31.78,12.37,40.3,0.75
KLAC,2025-03-24,722.71,735.14,716.4,727.73,0.72,0,0,0,0,0,0,0,0,0,0,0,0,0,0,0,0,0,0,0,0,0,0,0,0,0,0,0,0,200,0,0,0,0,0,0,0,0,0,0,0,0,0,0,0,0,0,0,0,0,0,0,100,0,0,0,0,0,0,0,0,0,716.06,703.77,706.4,726.6,732.12,1.12,53.99,26.02
LIN,2025-03-24,457.12,461.9,455.02,459.09,1.83,0,0,0,0,0,0,0,0,0,0,0,0,0,0,0,0,0,0,0,0,0,0,0,0,0,0,0,0,0,0,0,0,0,0,0,0,0,0,0,0,0,0,0,0,0,0,0,0,0,0,0,100,0,0,0,0,0,0,0,0,0,459.13,456.69,459.7,451.31,449.9,2.71,52.6,7.77
LRCX,2025-03-24,77.74,78.78,77.38,77.99,7.95,0,0,0,0,0,0,0,0,0,0,0,0,0,0,0,0,0,0,0,0,0,0,0,0,0,0,0,0,0,0,0,0,0,0,0,0,0,0,0,0,0,0,0,0,0,0,0,0,0,0,0,100,0,0,0,0,0,0,0,0,0,77.33,76.89,77.41,79.24,81.15,13.54,49.71,3.19
LULU,2025-03-24,324.81,336.29,324.81,334.96,1.66,0,0,0,0,0,0,0,0,0,100,0,0,0,0,0,0,0,0,0,0,0,0,0,0,0,0,0,0,0,0,0,0,0,0,0,0,0,0,100,0,0,0,0,0,0,0,0,0,0,0,0,0,0,0,0,0,0,0,0,0,0,326.93,321.84,338.85,369.72,317.94,1.58,44.57,12.88
MAR,2025-03-24,241.07,243.49,239.27,242.92,1.86,0,0,0,0,0,0,0,0,0,0,0,0,0,0,0,0,0,0,0,0,0,0,0,0,0,0,0,0,0,0,0,0,0,0,0,0,0,0,0,0,0,0,0,0,0,0,0,0,0,0,0,0,0,0,0,0,0,0,0,0,0,242.65,243.19,258.39,274.18,257.19,1.99,36.82,7.84
MCHP,2025-03-24,53.11,54.48,52.81,53.89,10.39,0,0,0,0,0,0,0,0,0,0,0,0,0,0,0,0,0,0,0,0,0,0,0,0,0,0,0,0,0,0,0,0,0,0,0,0,0,0,0,0,0,0,0,0,0,0,0,0,0,0,0,0,0,0,0,0,0,0,0,0,0,53.08,53.02,55.91,55.84,70.73,10.98,46.66,2.58
MDB,2025-03-24,195.53,199.48,193.6,197.48,2.16,0,0,0,0,0,0,0,0,0,0,0,0,0,0,0,0,0,0,0,0,0,0,0,0,0,0,0,0,0,0,0,0,0,0,0,0,0,0,0,0,0,0,0,0,0,0,0,0,0,0,100,0,0,0,0,0,0,0,0,0,0,191.61,191.34,217.94,248.96,261.42,3.2,37.36,13.12
MDLZ,2025-03-24,64.55,65.06,64.26,64.95,7.49,0,0,0,0,100,0,0,0,0,0,0,0,0,0,0,0,0,0,0,0,0,0,0,0,0,0,0,0,0,0,0,0,0,0,0,0,0,0,0,0,0,0,0,0,0,0,0,0,0,0,100,0,0,0,0,0,0,0,0,0,0,64.41,64.9,65.33,61.39,65.56,10.11,54.88,1.42
MELI,2025-03-24,2114.4,2164.74,2100.5,2134.31,0.35,0,0,0,0,0,0,0,0,0,0,0,0,0,0,0,0,0,0,0,0,0,0,0,0,0,0,0,0,0,0,0,0,0,0,0,0,0,0,0,0,0,0,0,0,0,0,0,0,0,0,0,0,0,0,0,0,0,0,0,0,0,2073.18,2047.84,2074.37,1996.54,1905.69,0.47,57.83,79.74
META,2025-03-24,614.97,622.54,612.2,618.85,15.62,0,0,0,0,0,0,0,0,0,0,0,0,0,0,0,0,0,0,0,0,0,0,0,0,0,0,0,0,-100,0,0,0,0,0,0,0,0,0,0,0,0,0,0,0,0,0,0,0,0,0,100,0,0,0,0,0,0,0,0,0,0,593.5,599.43,624.61,652.58,572.89,17.56,47.15,24.28
MNST,2025-03-24,57.52,57.95,57.31,57.83,5.92,0,0,0,0,0,0,0,0,0,0,0,0,0,0,0,0,0,0,0,0,0,0,0,0,0,0,0,0,0,0,0,0,0,0,0,0,0,0,0,0,0,0,0,0,0,0,0,0,0,0,100,0,0,0,0,0,0,0,0,0,0,57.13,56.09,55.03,51.53,51.26,6.7,72.99,1.17
MRVL,2025-03-24,71.4,72.92,71.06,72.76,11.67,0,0,0,0,0,0,0,0,0,0,0,100,0,0,0,0,0,0,0,0,0,0,0,0,0,0,0,0,200,0,0,0,0,0,0,0,0,0,100,0,0,0,0,0,0,0,0,0,0,0,0,0,0,0,0,0,0,0,0,0,0,70.35,69.66,77.86,98.18,85.21,21.8,37.81,4.83
MSFT,2025-03-24,395.4,395.4,389.81,393.08,20.13,0,0,0,0,0,0,0,0,0,0,0,0,0,0,0,0,0,0,0,0,0,0,0,0,-100,0,0,0,0,0,0,0,0,0,0,0,0,0,0,0,0,0,0,0,0,0,0,0,0,0,0,0,0,0,0,0,0,0,0,0,0,388.5,386.23,390.57,407.86,421.8,24.57,48.13,8.82
MSTR,2025-03-24,316.14,336.77,311.36,335.72,22.95,0,0,0,0,0,0,0,0,0,0,0,100,0,0,0,0,0,0,0,0,0,0,0,0,0,0,0,0,0,0,0,0,0,0,0,0,0,0,100,0,0,0,0,0,0,0,0,0,0,0,0,0,0,0,0,0,0,0,0,0,0,305.84,290.74,279.27,315.71,242.34,22.02,59.87,26.71
MU,2025-03-24,96.1,98.42,95.33,96.94,33.6,0,0,0,0,0,0,0,0,0,0,0,0,0,0,0,0,0,0,0,0,0,0,0,0,0,100,0,0,0,0,0,0,0,0,0,0,0,0,0,0,0,0,0,0,0,0,0,0,0,0,0,0,0,0,0,0,0,0,0,0,0,99.69,98.19,95.19,96.64,104.21,23.52,50.44,5.14
NFLX,2025-03-24,969.67,977.0,951.55,971.99,4.67,0,0,0,0,0,0,0,0,0,0,0,0,0,0,0,100,-100,0,0,0,0,0,0,0,0,0,0,100,200,0,0,0,0,0,0,0,0,100,0,0,0,0,0,0,0,0,100,0,0,0,0,100,0,0,0,0,0,0,0,0,0,954.52,934.56,945.06,956.92,795.2,5.55,54.0,33.53
NVDA,2025-03-24,119.88,122.22,119.34,121.41,209.47,0,0,0,0,0,0,0,0,0,0,0,0,0,0,0,0,0,0,0,0,0,0,0,0,0,0,0,0,200,0,0,0,0,0,0,0,0,0,0,0,0,0,0,0,0,0,0,0,0,0,100,0,0,0,0,0,0,0,0,0,0,118.12,117.19,118.22,126.56,127.77,317.89,50.46,5.99
NXPI,2025-03-24,206.32,212.42,205.6,211.12,2.74,0,0,0,0,0,0,0,0,0,0,0,0,0,0,0,0,0,0,0,0,0,0,0,0,0,0,0,0,0,0,0,0,0,0,0,0,0,0,100,0,0,0,0,0,0,0,0,0,0,0,0,0,0,0,0,0,0,0,0,0,0,205.57,205.01,212.01,214.05,233.58,2.98,49.76,8.03
ODFL,2025-03-24,167.61,170.66,167.49,170.05,1.25,0,0,0,0,0,0,0,0,0,0,0,0,0,0,0,0,0,0,0,0,0,0,0,0,0,0,0,0,200,0,0,0,0,0,0,0,0,0,0,0,0,0,0,0,0,0,0,0,0,0,100,0,0,0,0,0,0,0,0,0,0,164.18,164.41,170.94,183.2,192.05,2.08,44.98,6.09
ON,2025-03-24,45.33,46.24,45.2,45.68,9.74,0,0,0,0,0,0,0,0,0,0,0,0,0,0,0,0,0,0,0,0,0,0,0,0,0,0,0,0,0,0,0,0,0,0,0,0,0,0,0,0,0,0,0,0,0,0,0,0,0,-100,0,0,0,0,0,0,0,0,0,0,0,43.93,43.48,45.41,49.86,65.41,9.44,46.73,2.04
ORLY,2025-03-24,1347.98,1365.66,1345.79,1362.74,0.27,0,0,0,0,0,0,0,0,0,100,0,0,0,0,0,0,0,0,0,0,0,0,0,0,0,0,0,0,-100,0,0,0,0,0,0,0,0,0,100,0,0,0,0,0,0,0,0,0,0,0,0,0,0,0,0,0,0,0,0,0,0,1344.76,1332.21,1338.58,1305.31,1183.45,0.38,58.96,26.77
PANW,2025-03-24,186.0,186.49,183.86,184.79,3.76,0,0,0,0,0,0,0,0,0,0,0,0,0,0,0,0,0,0,0,0,0,0,0,0,0,0,0,0,0,0,0,0,0,0,0,0,0,0,0,0,0,0,0,0,0,0,0,0,0,0,-100,0,0,0,0,0,0,0,0,0,0,184.35,182.38,183.63,186.21,178.78,4.59,49.69,6.09
PAYX,2025-03-24,143.63,145.17,143.34,144.83,2.15,0,0,0,0,0,0,0,0,0,0,0,0,0,0,0,0,0,0,0,0,0,0,0,0,0,0,0,0,0,0,0,0,0,0,0,0,0,0,0,0,0,0,0,0,0,0,0,0,0,0,100,0,0,0,0,-100,0,0,0,0,0,145.52,145.61,148.67,147.22,135.45,2.3,44.58,3.03
PCAR,2025-03-24,98.41,99.06,97.95,98.64,2.56,0,0,0,0,0,0,0,0,0,0,0,0,0,0,0,100,0,0,0,0,0,0,0,0,0,0,0,0,0,0,0,0,0,0,0,0,100,100,0,0,0,0,0,0,0,0,100,0,0,0,100,100,0,0,0,0,0,0,0,0,0,98.77,99.97,103.25,105.92,102.07,3.36,40.22,2.87
PDD,2025-03-24,128.49,129.35,125.81,128.12,6.41,0,0,0,0,0,0,0,0,0,0,0,0,0,0,0,100,0,0,0,0,0,0,0,0,0,0,0,-100,-100,0,0,0,0,0,0,0,0,100,0,0,0,0,0,0,0,0,100,0,0,0,0,-100,0,0,0,0,0,0,0,0,0,127.68,124.44,120.81,115.62,120.14,9.41,59.59,5.71
PEP,2025-03-24,145.49,146.72,144.83,146.45,5.96,0,0,0,0,0,0,0,0,0,0,0,0,0,0,0,0,0,0,0,0,0,0,0,0,0,100,0,0,0,0,0,0,0,0,0,0,0,0,0,0,0,0,0,0,0,0,0,0,0,0,100,0,0,0,0,0,0,0,0,0,0,147.23,148.49,150.92,147.99,159.87,7.76,43.64,3.18
PLTR,2025-03-24,93.4,97.39,92.28,96.75,111.17,0,0,0,0,0,0,0,0,0,0,0,0,0,0,0,0,0,0,0,0,0,0,0,0,0,0,0,0,0,0,0,0,0,0,0,0,0,0,100,0,0,0,0,0,0,0,0,0,0,0,0,0,0,0,0,0,0,0,0,0,0,89.02,86.0,85.58,89.01,54.62,110.8,57.69,6.78
PYPL,2025-03-24,71.55,71.66,70.5,70.97,9.7,0,0,0,0,0,0,0,0,0,0,0,0,0,0,0,0,0,0,0,0,0,0,0,0,0,0,0,0,0,0,0,0,0,0,0,0,0,0,0,0,0,0,0,0,0,0,0,0,0,0,-100,0,0,0,0,0,0,0,0,0,0,69.94,69.18,69.92,77.89,75.22,12.58,46.12,2.13
QCOM,2025-03-24,160.0,161.0,158.8,160.08,6.03,0,0,0,0,0,0,0,0,0,0,0,0,0,0,0,100,0,0,0,0,0,0,0,0,0,0,0,100,200,0,0,0,0,0,0,0,0,100,0,0,0,0,0,0,0,0,100,0,0,0,100,100,0,0,0,0,0,0,0,0,0,157.88,156.18,156.66,163.47,169.96,7.9,51.45,4.78
REGN,2025-03-24,660.0,667.46,655.3,661.0,0.96,0,0,0,0,0,0,0,0,0,0,0,0,0,0,0,100,0,0,0,0,0,0,0,0,0,0,0,100,0,0,0,0,0,0,0,0,0,100,0,0,0,0,0,0,0,0,100,0,0,0,0,100,0,0,0,0,0,0,0,0,0,663.88,675.3,690.31,689.01,902.05,0.97,41.98,20.6
ROP,2025-03-24,577.29,579.54,574.16,576.65,0.56,0,0,0,0,0,0,0,0,0,0,0,0,0,0,0,100,0,0,0,0,0,0,0,0,0,0,0,-100,0,0,0,0,0,0,0,0,0,100,0,0,0,0,0,0,0,0,100,0,0,0,-100,-100,0,0,0,0,0,0,0,0,0,575.79,571.89,577.74,563.81,551.56,0.63,52.73,9.82
ROST,2025-03-24,125.26,129.28,124.82,129.18,4.21,0,0,0,0,0,0,0,0,0,0,0,100,0,0,0,0,0,0,0,0,0,0,0,0,0,0,0,0,200,0,0,0,0,0,0,0,0,0,100,0,0,0,0,0,0,0,0,0,0,0,0,0,0,0,0,0,0,0,0,0,0,125.4,125.32,131.2,139.41,144.71,4.06,44.35,3.4
SBUX,2025-03-24,98.03,98.2,95.63,95.72,7.95,0,0,0,0,0,0,0,0,0,-100,0,-100,0,0,0,0,0,0,0,0,0,0,0,0,0,0,0,0,0,0,0,0,0,0,0,0,0,0,-100,-100,0,0,0,0,0,0,0,0,0,0,0,0,0,0,0,0,0,0,0,0,0,97.91,98.1,104.97,104.74,92.93,10.09,31.55,2.69
SNPS,2025-03-24,456.82,464.22,455.54,457.77,0.97,0,0,0,0,0,0,0,0,0,0,0,0,0,0,0,100,-100,0,0,0,0,0,100,0,0,0,0,0,0,0,0,0,0,0,0,0,0,100,0,0,0,0,0,0,0,0,100,0,0,-100,0,100,0,0,0,0,0,0,0,0,0,450.93,444.61,448.56,489.21,524.07,1.57,47.83,16.78
TEAM,2025-03-24,233.63,236.5,231.8,234.62,1.9,0,0,0,0,100,0,0,0,0,0,0,0,0,0,0,100,0,0,0,0,0,0,0,0,0,0,0,0,200,0,0,0,0,0,0,0,0,100,0,0,0,0,0,0,0,0,100,0,0,0,100,100,0,0,0,0,0,0,0,0,0,227.49,223.54,246.91,269.47,213.34,2.62,42.32,12.45
TMUS,2025-03-24,258.81,260.81,257.6,258.96,2.9,0,0,0,0,0,0,0,0,0,0,0,0,0,0,0,100,0,0,0,0,0,0,0,0,0,0,0,100,0,0,0,0,0,0,0,0,0,100,0,0,0,0,0,0,0,0,100,0,0,0,0,100,0,0,0,0,0,0,0,0,0,258.36,257.93,262.24,247.27,215.2,4.25,52.07,6.2
TSLA,2025-03-24,258.08,278.64,256.33,278.39,160.91,0,0,0,0,0,0,0,0,0,0,0,100,0,0,0,0,0,0,0,0,0,0,0,0,0,0,0,0,0,0,0,0,0,0,0,0,0,0,100,0,0,0,0,0,0,0,0,0,0,0,0,0,0,0,0,0,0,0,0,0,0,244.91,243.19,262.62,332.99,284.69,121.88,49.6,18.93
TTD,2025-03-24,57.55,59.47,56.94,59.34,9.8,0,0,0,0,0,0,0,0,0,0,0,0,0,0,0,0,0,0,0,0,0,0,0,0,0,0,0,0,0,0,0,0,0,0,0,0,0,0,0,0,0,0,0,0,0,0,0,0,0,0,100,0,0,0,0,0,0,0,0,0,0,56.08,56.38,62.8,90.61,105.42,12.31,33.16,3.79
TTWO,2025-03-24,217.15,217.18,211.9,213.51,1.45,0,0,0,0,0,0,0,0,0,-100,0,0,0,-100,0,0,0,0,0,0,0,0,0,0,0,0,0,0,0,0,0,0,0,0,0,0,0,0,0,0,0,0,0,0,0,0,0,0,0,0,0,0,0,0,0,0,0,0,0,0,0,209.96,207.36,208.02,199.93,172.2,1.71,60.94,5.87
TXN,2025-03-24,182.95,187.48,182.53,185.51,5.69,0,0,0,0,0,0,0,0,0,100,0,0,0,0,0,0,0,0,0,0,0,0,0,0,0,0,0,0,0,0,0,0,0,0,0,0,0,0,0,0,0,0,0,0,0,0,0,0,0,0,0,0,0,0,0,0,0,0,0,0,0,181.28,178.94,186.99,187.08,194.4,6.67,50.67,5.37
VRSK,2025-03-24,287.02,289.43,284.45,285.4,0.81,0,0,0,0,0,0,0,0,0,0,0,0,0,0,0,0,0,0,0,0,0,0,0,0,0,0,0,0,0,0,0,0,0,0,0,0,0,0,0,0,0,0,0,0,0,0,0,0,0,0,0,0,0,0,0,0,0,0,0,0,0,287.38,288.32,292.45,288.53,276.64,0.97,42.3,5.56
VRTX,2025-03-24,505.0,513.97,501.0,511.74,1.24,0,0,0,0,0,0,0,0,0,0,0,0,0,0,0,0,0,0,0,0,0,0,0,0,0,0,0,0,0,0,0,0,0,0,0,0,0,0,100,0,0,0,0,0,0,0,0,0,0,0,0,0,0,0,0,0,0,0,0,0,0,509.97,505.51,494.56,468.7,469.89,1.38,64.64,12.79
WBD,2025-03-24,10.94,11.04,10.53,10.97,40.97,0,0,0,0,0,0,0,0,0,0,0,0,0,0,0,100,0,0,0,0,0,0,0,0,0,0,0,100,200,0,0,0,0,0,0,0,0,100,0,0,0,0,0,0,0,0,0,0,0,0,0,100,0,0,0,0,0,0,0,0,0,10.73,10.5,10.76,10.42,8.98,45.97,54.73,0.49
WDAY,2025-03-24,252.89,252.89,248.77,249.91,2.02,0,0,0,0,0,0,0,0,0,0,0,0,0,0,0,0,0,0,0,0,0,0,0,0,0,0,0,0,-100,0,0,0,0,0,0,0,0,0,0,0,0,0,0,0,0,0,0,0,0,0,-100,0,0,0,0,0,0,0,0,0,0,250.86,247.09,252.37,256.59,246.05,2.5,46.93,8.09
XEL,2025-03-24,69.52,69.64,68.71,68.86,3.16,0,0,0,0,0,0,0,0,0,-100,0,0,0,0,0,0,0,0,0,0,0,0,0,0,0,0,0,0,0,0,0,0,0,0,0,0,0,0,-100,0,0,0,0,0,0,0,0,0,0,0,0,0,0,0,0,0,0,0,0,0,0,69.72,69.28,69.34,67.66,62.67,4.28,50.14,1.3
ZS,2025-03-24,208.0,210.18,206.6,209.87,1.57,0,0,0,0,0,0,0,0,0,0,0,0,0,0,0,0,0,0,0,0,0,0,0,0,0,0,0,0,0,0,0,0,0,0,0,0,0,0,0,0,0,0,0,0,0,0,0,0,0,0,100,0,0,0,0,0,0,0,0,0,0,204.83,201.13,198.58,199.73,190.48,2.32,58.23,8.26
